受渡日,証券会社,口座,商品,銘柄コード,銘柄名,数量,受取額(税引後)
2024-03-21,SBI証券,特定/一般,米国株式,SPYD,SPDRポートフォリオS&P 500高配当株式ETF SPYD,140,"5,579.77"
2024-03-08,SBI証券,特定/一般,米国株式,PFF,iシェアーズ優先株式&インカム証券ETF PFF,"1,116","20,173.64"
2024-03-07,SBI証券,特定/一般,米国株式,VCSH,バンガード 米国短期社債 ETF VCSH,109,"2,670.97"
2024-02-08,SBI証券,特定/一般,米国株式,PFF,iシェアーズ優先株式&インカム証券ETF PFF,"1,116","20,793.8"
2024-02-07,SBI証券,特定/一般,外貨建債券,Green,インテル 20320805 Green,,"7,343.67"
2024-02-07,SBI証券,特定/一般,米国株式,VCSH,バンガード 米国短期社債 ETF VCSH,109,"2,705.49"
2024-03-22,楽天証券,特定・一般,米国株式,SPYD,ＳＰＤＲ　ＳＰ５００　Ｈ　ＤＩＶ,530,"21,331"
2024-03-22,楽天証券,特定・一般,米国株式,VYM,ＶＮＧ　ＨＩ　ＤＩＶ　ＹＩＥＬＤ,195,"13,796"
2024-03-22,楽天証券,旧NISA,米国株式,SPYD,ＳＰＤＲ　ＳＰ５００　Ｈ　ＤＩＶ,234,"11,807"
2024-03-22,楽天証券,旧NISA,米国株式,VYM,ＶＮＧ　ＨＩ　ＤＩＶ　ＹＩＥＬＤ,9,798
2024-03-15,楽天証券,特定・一般,米国株式,PFFD,ＧＢＬＸ　ＵＳ　ＰＲＥＦＥＲＲＤ,45,501
2024-03-12,楽天証券,特定・一般,米国株式,AGG,ＩＳＨＡＲＥＳＣＯＲＥ　ＢＯＮＤ,76,"2,373"
2024-03-11,楽天証券,特定・一般,米国株式,AGG,ＩＳＨＡＲＥＳＣＯＲＥ　ＢＯＮＤ,76,145
2024-03-11,楽天証券,特定・一般,米国株式,PFF,ＩＳＨＡＲＥＳ　ＰＲＥＦＥＲ,"1,756","31,594"
2024-03-08,楽天証券,特定・一般,米国株式,JEPI,ＪＰＭ　ＥＱ　ＩＮＣＭ　ＥＴＦ,515,"16,512"
2024-03-08,楽天証券,旧NISA,米国株式,BND,ＶＡ　ＴＯＴＡＬ　ＢＯＮＤ,116,"3,140"
2024-03-08,楽天証券,旧NISA,米国株式,BNDX,ＶＡ　ＴＴＬ　ＩＮＴＬ　ＢＯＮＤ,1,11
2024-02-15,楽天証券,特定・一般,米国株式,PFFD,ＧＢＬＸ　ＵＳ　ＰＲＥＦＥＲＲＤ,45,513
2024-02-09,楽天証券,特定・一般,米国株式,AGG,ＩＳＨＡＲＥＳＣＯＲＥ　ＢＯＮＤ,76,152
2024-02-09,楽天証券,特定・一般,米国株式,AGG,ＩＳＨＡＲＥＳＣＯＲＥ　ＢＯＮＤ,76,"2,463"
2024-02-09,楽天証券,特定・一般,米国株式,PFF,ＩＳＨＡＲＥＳ　ＰＲＥＦＥＲ,"1,756","32,911"
2024-02-08,楽天証券,特定・一般,米国株式,JEPI,ＪＰＭ　ＥＱ　ＩＮＣＭ　ＥＴＦ,515,"16,387"
2024-02-08,楽天証券,旧NISA,米国株式,BND,ＶＡ　ＴＯＴＡＬ　ＢＯＮＤ,116,"3,265"
2024-02-08,楽天証券,旧NISA,米国株式,BNDX,ＶＡ　ＴＴＬ　ＩＮＴＬ　ＢＯＮＤ,1,11
2024-01-11,楽天証券,特定・一般,米国株式,PFFD,ＧＢＬＸ　ＵＳ　ＰＲＥＦＥＲＲＤ,45,491
2024-01-05,楽天証券,特定・一般,米国株式,JEPI,ＪＰＭ　ＥＱ　ＩＮＣＭ　ＥＴＦ,515,"22,620"
2024-01-04,楽天証券,旧NISA,米国株式,BND,ＶＡ　ＴＯＴＡＬ　ＢＯＮＤ,116,"3,107"
2024-01-04,楽天証券,旧NISA,米国株式,BNDX,ＶＡ　ＴＴＬ　ＩＮＴＬ　ＢＯＮＤ,1,172
2024-01-04,楽天証券,旧NISA,米国株式,EDV,ＶＡ　ＥＸＴＤ　ＤＵＲＡＴ　ＴＲ,75,"7,033"
