受渡日,証券会社,口座,商品,銘柄コード,銘柄名,数量,受取額(税引後)
2024-02-07,SBI証券,特定/一般,外貨建債券,Green,インテル 20320805 Green,,"7,343.67"
2024-02-07,SBI証券,特定/一般,米国株式,VCSH,バンガード 米国短期社債 ETF VCSH,109.0,"2,705.49"
2024-01-04,楽天証券,旧NISA,米国株式,BND,ＶＡ　ＴＯＴＡＬ　ＢＯＮＤ,116.0,"3,107"
2024-01-04,楽天証券,旧NISA,米国株式,BNDX,ＶＡ　ＴＴＬ　ＩＮＴＬ　ＢＯＮＤ,1.0,172
2024-01-04,楽天証券,旧NISA,米国株式,EDV,ＶＡ　ＥＸＴＤ　ＤＵＲＡＴ　ＴＲ,75.0,"7,033"
2024-01-05,楽天証券,特定・一般,米国株式,JEPI,ＪＰＭ　ＥＱ　ＩＮＣＭ　ＥＴＦ,515.0,"22,620"
2024-01-11,楽天証券,特定・一般,米国株式,PFFD,ＧＢＬＸ　ＵＳ　ＰＲＥＦＥＲＲＤ,45.0,491
2024-02-08,楽天証券,特定・一般,米国株式,JEPI,ＪＰＭ　ＥＱ　ＩＮＣＭ　ＥＴＦ,515.0,"16,387"
2024-02-08,楽天証券,旧NISA,米国株式,BND,ＶＡ　ＴＯＴＡＬ　ＢＯＮＤ,116.0,"3,265"
2024-02-08,楽天証券,旧NISA,米国株式,BNDX,ＶＡ　ＴＴＬ　ＩＮＴＬ　ＢＯＮＤ,1.0,11
